Workbook

Sheet summary
A1: Rabbit-house BOM — variant selector
A3: Vælg tagdækning: | B3: tagpap
A4: Vælg beklædning: | B4: klink
A6: Valgt konfiguration — totaler
A7: Fundament | B7: =SUM(fundament!F:F) -> 5445.35
A8: Konstruktion | B8: =SUM(konstruktion!F:F) -> 2523
A9: Tagkonstruktion | B9: =SUM(INDIRECT("tagkonstruktion_"&B3&"!F:F")) -> 8711.95
A10: Beklædning | B10: =SUM(INDIRECT("beklaedning_"&B4&"!F:F")) -> 6977.9
A11: TOTAL valgt | B11: =SUM(B7:B10) -> 23658.2
A13: Sammenligning — alle 4 kombinationer
B14: tagpap | C14: eternit_b7 | D14: Δ (eternit − tagpap)
A15: Klink | B15: =SUM(fundament!F:F)+SUM(konstruktion!F:F)+SUM(tagkonstruktion_tagpap!F:F)+SUM(beklaedning_klink!F:F) -> 23658.2 | C15: =SUM(fundament!F:F)+SUM(konstruktion!F:F)+SUM(tagkonstruktion_eternit_b7!F:F)+SUM(beklaedning_klink!F:F) -> 24038.35 | D15: =C15-B15 -> 380.15
A16: Board-on-board (1-på-2) | B16: =SUM(fundament!F:F)+SUM(konstruktion!F:F)+SUM(tagkonstruktion_tagpap!F:F)+SUM(beklaedning_board_on_board!F:F) -> 23115 | C16: =SUM(fundament!F:F)+SUM(konstruktion!F:F)+SUM(tagkonstruktion_eternit_b7!F:F)+SUM(beklaedning_board_on_board!F:F) -> 23495.15 | D16: =C16-B16 -> 380.15
A17: Δ (bob − klink) | B17: =B16-B15 -> -543.2 | C17: =C16-C15 -> -543.2
A19: Noter
A20: • Dropdowns i B3/B4 styrer totalen i B11 via INDIRECT på sheet-navne.
A21: • Eternit_b7 bruger tungere spær (47×100 C24) end tagpap (men prisen er fra eternit-doc og er et estimat).
A22: • Board-on-board pris er Aros tilbudspris 160 kr/m² (normalpris 225). Klink kommer sortmalet; bob behøver træolie/maling.
A23: • Voliernet og isolering er ens på tværs af beklædningsvarianter.
A24: • Variantvalg i build.scad: roof_cover = "tagpap_osb"|"eternit_b7"; cladding_type = "klink"|"board_on_board".
A25: • Items med pris=tom og noter="TBD …" kræver verifikation før bestilling.

Sheet fundament
A1: Kategori | B1: Vare | C1: Antal | D1: Enhed | E1: Pris pr. enhed (DKK) | F1: I alt (DKK) | G1: Leverandør | H1: Noter
A2: Fundament | B2: Stabilgrus 0-32 mm | C2: 1050 | D2: kg | E2: 0.55 | F2: =C2*E2 -> 577.5 | G2: materialepladsen.dk | H2: ca. 0,6 m³, 1.750 kg pr. m³
A3: Fundament | B3: Fundablok 50x20x15 cm | C3: 120 | D3: stk | E3: 15.75 | F3: =C3*E3 -> 1890 | G3: jemogfix.dk | H3: Behov 117 stk; købes 120
A4: Fundament | B4: Armeringsjern Ø8 mm × 3 m | C4: 13 | D4: stk | E4: 29.75 | F4: =C4*E4 -> 386.75 | G4: jemogfix.dk | H4: I bundrem-rille
A5: Fundament | B5: Cement 25 kg | C5: 14 | D5: stk | E5: 75 | F5: =C5*E5 -> 1050 | G5: jemogfix.dk | H5: 1:4 blandingsforhold, 25 kg ~ 18 L
A6: Fundament | B6: Støbemix 0-16 mm | C6: 1485 | D6: kg | E6: 0.66 | F6: =C6*E6 -> 980.1 | G6: materialepladsen.dk | H6: ca. 0,9 m³, 1.650 kg pr. m³
A7: Fundament | B7: Gevindstang M10 × 1000 mm | C7: 18 | D7: stk | E7: 27.95 | F7: =C7*E7 -> 503.1 | G7: jemogfix.dk | H7: Ankerbolte gennem sokkel
A8: Fundament | B8: M10 møtrikker (12-pak) | C8: 2 | D8: pk. | E8: 28.95 | F8: =C8*E8 -> 57.9 | G8: jemogfix.dk | H8: NKT Fasteners
E10: TOTAL | H10: =SUM(F2:F8) -> 5445.35

Sheet konstruktion
A1: Kategori | B1: Vare | C1: Antal | D1: Enhed | E1: Pris pr. enhed (DKK) | F1: I alt (DKK) | G1: Leverandør | H1: Noter
A2: Konstruktion | B2: Murpap (DPC) | C2: 1 | D2: stk | E2: 99 | F2: =C2*E2 -> 99 | G2: jemogfix.dk | H2: 11 cm × 20 m — sokkel-isolering
A3: Konstruktion | B3: Bundrem 45×95×3600 PT NTR-AB | C3: 2 | D3: stk | E3: 71.1 | F3: =C3*E3 -> 142.2 | G3: jemogfix.dk
A4: Konstruktion | B4: Bundrem 45×95×2400 PT NTR-AB | C4: 5 | D4: stk | E4: 47.4 | F4: =C4*E4 -> 237 | G4: jemogfix.dk
A5: Konstruktion | B5: Toprem 47×100×3600 C24 gran | C5: 4 | D5: stk | E5: 63.9 | F5: =C5*E5 -> 255.6 | G5: jemogfix.dk
A6: Konstruktion | B6: Reglar 47×100×2400 C24 gran | C6: 42 | D6: stk | E6: 42.6 | F6: =C6*E6 -> 1789.2 | G6: jemogfix.dk | H6: Vægreglar c/c 600
E8: TOTAL | H8: =SUM(F2:F6) -> 2523

Sheet tagkonstruktion_tagpap
A1: Kategori | B1: Vare | C1: Antal | D1: Enhed | E1: Pris pr. enhed (DKK) | F1: I alt (DKK) | G1: Leverandør | H1: Noter
A2: Træværk | B2: Spær 47×100×3000 C24 gran | C2: 13 | D2: stk | E2: 53.25 | F2: =C2*E2 -> 692.25 | G2: jemogfix.dk
A3: Træværk | B3: OSB-3 TG4 18 mm 2397×600 mm | C3: 15 | D3: stk | E3: 129 | F3: =C3*E3 -> 1935 | G3: jemogfix.dk | H3: Tagdæk
A4: Træværk | B4: Sternbræt imp. 21×120×3600 gran | C4: 6 | D4: stk | E4: 92.7 | F4: =C4*E4 -> 556.2 | G4: jemogfix.dk | H4: Hele perimeter 19 m
A6: Tagdækning | B6: Phoenix Selvbyggerpap 1×5 m | C6: 5 | D6: stk | E6: 579 | F6: =C6*E6 -> 2895 | G6: jemogfix.dk
A7: Tagdækning | B7: Phoenix klæbeasfalt 310 ml | C7: 3 | D7: stk | E7: 69.95 | F7: =C7*E7 -> 209.85 | G7: jemogfix.dk
A8: Tagdækning | B8: Phoenix murpap til tagfod 15 cm × 20 m | C8: 1 | D8: stk | E8: 149 | F8: =C8*E8 -> 149 | G8: jemogfix.dk
A10: Aluinddækning | B10: Alu tagfod sort 55×80×1000 mm | C10: 7 | D10: stk | E10: 39.75 | F10: =C10*E10 -> 278.25 | G10: jemogfix.dk
A11: Aluinddækning | B11: Alu sternkapsel sort 35×25×1000 mm | C11: 13 | D11: stk | E11: 59.95 | F11: =C11*E11 -> 779.35 | G11: jemogfix.dk
A13: Vandhåndtering | B13: Tagrende 110 mm (4+3 m) | C13: 7 | D13: m | E13: 49.95 | F13: =C13*E13 -> 349.65 | G13: jemogfix.dk
A14: Vandhåndtering | B14: Tagrende-beslag (konsoljern) | C14: 10 | D14: stk | E14: 24.95 | F14: =C14*E14 -> 249.5 | G14: jemogfix.dk | H14: c/c 550 mm
A15: Vandhåndtering | B15: Samlestykke tagrende | C15: 1 | D15: stk | E15: 46.75 | F15: =C15*E15 -> 46.75 | G15: jemogfix.dk
A16: Vandhåndtering | B16: Endebund tagrende 110 mm | C16: 2 | D16: stk | E16: 43.75 | F16: =C16*E16 -> 87.5 | G16: jemogfix.dk
A17: Vandhåndtering | B17: Bladsamler | C17: 1 | D17: stk | E17: 19.95 | F17: =C17*E17 -> 19.95 | G17: jemogfix.dk
A18: Vandhåndtering | B18: Nedløbsrør Ø75 mm × 3 m | C18: 1 | D18: stk | E18: 210 | F18: =C18*E18 -> 210 | G18: jemogfix.dk | H18: Stål
A19: Vandhåndtering | B19: Nedløbsbøjning | C19: 1 | D19: stk | E19: 78.75 | F19: =C19*E19 -> 78.75 | G19: jemogfix.dk
A20: Vandhåndtering | B20: Tudstykke til tagrende | C20: 1 | D20: stk | E20: 105 | F20: =C20*E20 -> 105 | G20: jemogfix.dk | H20: Ø75 mm
A22: Beslag | B22: Paslode vinkelbeslag 90×90×40 (20-pak) | C22: 3 | D22: pak | G22: wood-online.dk | H22: TBD pris — enkelt ~8,48 kr
A23: Beslag | B23: OSB/spær-skruer 5×80 mm | C23: 250 | D23: stk | G23: jemogfix.dk | H23: TBD pris
A24: Beslag | B24: Rustfri tagskruer m. EPDM-pakning | D24: stk | G24: jemogfix.dk | H24: TBD antal + pris
A25: Beslag | B25: Galvaniseret tagpapsøm 2,6×25 mm (100-pak) | C25: 1 | D25: pk. | E25: 69.95 | F25: =C25*E25 -> 69.95 | G25: jemogfix.dk | H25: Alusøm
E27: TOTAL | H27: =SUM(F2:F25) -> 8711.95

Sheet tagkonstruktion_eternit_b7
A1: Kategori | B1: Vare | C1: Antal | D1: Enhed | E1: Pris pr. enhed (DKK) | F1: I alt (DKK) | G1: Leverandør | H1: Noter
A2: Træværk | B2: Spær 47×100×3000 C24 gran | C2: 13 | D2: stk | E2: 85 | F2: =C2*E2 -> 1105 | G2: Stark | H2: est. — Stark; tungere end tagpap
A3: Træværk | B3: C18 taglægte 38×73×4200 mm | C3: 11 | D3: stk | E3: 52.5 | F3: =C3*E3 -> 577.5 | G3: 10-4.dk | H3: 6 rækker à ~6,44 m + spild
A4: Træværk | B4: Imp. sternbræt 25×125×3600 gran | C4: 6 | D4: stk | E4: 82.6 | F4: =C4*E4 -> 495.6 | G4: xl-byg.dk | H4: Hele perimeter ~19 m
A6: Tagdækning | B6: Swisspearl B7 bølgeplade FK 1100×570 sortblå | C6: 52 | D6: stk | E6: 95 | F6: =C6*E6 -> 4940 | G6: bygxtra.dk | H6: 49 hele + 5 % spild
A7: Tagdækning | B7: Swisspearl 100 Tagskrue 6×100 (100-pak) | C7: 2 | D7: pak | E7: 425 | F7: =C7*E7 -> 850 | G7: davidsen.dk | H7: 2 pr. plade × 49 + spild ~108
A8: Tagdækning | B8: Swisspearl PVC skumstrimmel 4,5 mm | C8: 1 | D8: rl. | G8: Cembrit | H8: TBD pris — overlap-tætning
A10: Vandhåndtering | B10: Tagrende 110 mm (4+3 m) | C10: 7 | D10: m | E10: 49.95 | F10: =C10*E10 -> 349.65 | G10: jemogfix.dk
A11: Vandhåndtering | B11: Tagrende-beslag (konsoljern) | C11: 12 | D11: stk | E11: 24.95 | F11: =C11*E11 -> 299.4 | G11: jemogfix.dk | H11: c/c 550 mm
A12: Vandhåndtering | B12: Endebund tagrende 110 mm | C12: 2 | D12: stk | E12: 43.75 | F12: =C12*E12 -> 87.5 | G12: jemogfix.dk
A13: Vandhåndtering | B13: Bladsamler | C13: 1 | D13: stk | E13: 19.95 | F13: =C13*E13 -> 19.95 | G13: jemogfix.dk
A14: Vandhåndtering | B14: Nedløbsrør Ø75 mm × 3 m | C14: 1 | D14: stk | E14: 210 | F14: =C14*E14 -> 210 | G14: jemogfix.dk
A15: Vandhåndtering | B15: Nedløbsbøjning | C15: 2 | D15: stk | E15: 78.75 | F15: =C15*E15 -> 157.5 | G15: jemogfix.dk
A17: Beslag | B17: Paslode vinkelbeslag 90×90×40 (20-pak) | C17: 3 | D17: pak | G17: wood-online.dk | H17: TBD pris — enkelt ~8,48 kr
A18: Beslag | B18: Lægtesøm varmforzinket 2,8×60 | D18: stk | G18: jemogfix.dk | H18: TBD antal + pris
E20: TOTAL | H20: =SUM(F2:F18) -> 9092.1

Sheet beklaedning_klink
A1: Kategori | B1: Vare | C1: Antal | D1: Enhed | E1: Pris pr. enhed (DKK) | F1: I alt (DKK) | G1: Leverandør | H1: Noter
A2: Voliere | B2: Voliernet welded 13×13 mm | C2: 2 | D2: stk | E2: 1350 | F2: =C2*E2 -> 2700 | G2: (ukendt) | H2: 1×10 m + 1×25 m
A3: Voliere | B3: Klamper til voliernet | D3: stk | G3: jemogfix.dk | H3: TBD antal + pris
A5: Beklædning | B5: Klinkbeklædning sortmalet gran 25×125×4200 (pak) | C5: 6 | D5: pak | E5: 497.7 | F5: =C5*E5 -> 2986.2 | G5: jemogfix.dk | H5: Frøslev klink; sortmalet gran
A6: Beklædning | B6: Vindpap (housewrap) | C6: 1 | D6: rl. | E6: 299 | F6: =C6*E6 -> 299 | G6: jemogfix.dk | H6: 20 m² pr. rulle; behov ~17,5 m²
A7: Beklædning | B7: Klemmelister 25×50×4200 mm | C7: 10 | D7: stk | E7: 28.35 | F7: =C7*E7 -> 283.5 | G7: jemogfix.dk | H7: Lodrette afstandslister c/c 600
A8: Beklædning | B8: Hjørnetrim 45×45×2400 mm | C8: 4 | D8: stk | E8: 29.25 | F8: =C8*E8 -> 117 | G8: jemogfix.dk | H8: 4 udvendige hjørner
A9: Beklædning | B9: Isolering mineraluld 95 mm | C9: 20 | D9: m² | E9: 29.61 | F9: =C9*E9 -> 592.2 | G9: jemogfix.dk | H9: I stud-rum, 2 vægge ~6 m² + 2 vægge ~4 m²
E11: TOTAL | H11: =SUM(F2:F9) -> 6977.9

Sheet beklaedning_board_on_board
A1: Kategori | B1: Vare | C1: Antal | D1: Enhed | E1: Pris pr. enhed (DKK) | F1: I alt (DKK) | G1: Leverandør | H1: Noter
A2: Voliere | B2: Voliernet welded 13×13 mm | C2: 2 | D2: stk | E2: 1350 | F2: =C2*E2 -> 2700 | G2: (ukendt) | H2: 1×10 m + 1×25 m
A3: Voliere | B3: Klamper til voliernet | D3: stk | G3: jemogfix.dk | H3: TBD antal + pris
A5: Beklædning | B5: 1-på-2 svensk gran 25×150 savskåret | C5: 16 | D5: m² | E5: 160 | F5: =C5*E5 -> 2560 | G5: arossavvaerk.dk | H5: Aros tilbudspris; normal 225 kr/m²
A6: Beklædning | B6: Træolie/maling til naturligt træ | C6: 3 | D6: L | G6: (vælg selv) | H6: TBD — Gori/Cuprinol/Pinotex; klink er sortmalet
A7: Beklædning | B7: Vindpap (housewrap) | C7: 1 | D7: rl. | E7: 299 | F7: =C7*E7 -> 299 | G7: jemogfix.dk | H7: Samme som klink
A8: Beklædning | B8: Klemmelister 25×50×4200 mm | C8: 10 | D8: stk | E8: 28.35 | F8: =C8*E8 -> 283.5 | G8: jemogfix.dk | H8: Vandrette afstandslister c/c 600
A9: Beklædning | B9: Hjørnetrim 70×70×2400 trykimp. | C9: 4 | D9: stk | G9: jemogfix.dk | H9: TBD — større end klink (bob stickout 50 mm)
A10: Beklædning | B10: Isolering mineraluld 95 mm | C10: 20 | D10: m² | E10: 29.61 | F10: =C10*E10 -> 592.2 | G10: jemogfix.dk | H10: Samme som klink
A11: Beklædning | B11: Rustfri A4 facadeskruer 4×60 | D11: pk. | G11: jemogfix.dk | H11: TBD antal + pris — flere end klink (2 lag)
E13: TOTAL | H13: =SUM(F2:F11) -> 6434.7
